rmse_without_z,success,"MaxErrorMean(Position, after 200 steps)","MaxErrorStd(AngularAcceleration, after 0 steps)","MaxErrorMean(LinearVelocity, after 100 steps)",EpisodeLengthStd,"MaxErrorStd(AngularAcceleration, after 200 steps)","MaxErrorStd(Position, after 100 steps)",EpisodeLengthMean,"MaxErrorMean(AngularVelocity, after 200 steps)","MaxErrorStd(AngularVelocity, after 100 steps)","MaxErrorMean(Position, after 100 steps)","MaxErrorMean(AngularAcceleration, after 100 steps)",ReturnStd,"MaxErrorStd(Position, after 200 steps)","MaxErrorStd(LinearVelocity, after 200 steps)",SettlingFractionPosition(200mm),"MaxErrorStd(LinearVelocity, after 100 steps)","MaxErrorStd(AngularVelocity, after 200 steps)",TerminatedFraction,"MaxErrorMean(AngularVelocity, after 100 steps)","MaxErrorStd(AngularAcceleration, after 100 steps)","MaxErrorMean(LinearVelocity, after 200 steps)","MaxErrorMean(AngularAcceleration, after 0 steps)","MaxErrorStd(Angle, after 200 steps)",ReturnMean,"MaxErrorMean(Angle, after 100 steps)","MaxErrorMean(AngularAcceleration, after 200 steps)"
0.3895837817636377,1.0,0.38335973024368286,89.2458267211914,0.4816399812698364,91.22618103027344,12.37499713897705,0.040584225207567215,479.1300048828125,0.42028242349624634,1.1800130605697632,0.40991538763046265,35.894588470458984,94.88880920410156,0.01617366634309292,0.17022450268268585,0.0,0.3024020791053772,0.3049309253692627,0.05000000074505806,0.9889680743217468,41.67456817626953,0.16064785420894623,76.7714614868164,0.021193338558077812,368.64678955078125,0.2795582115650177,24.085554122924805
0.3600753574513373,1.0,0.38335973024368286,89.2458267211914,0.4816399812698364,91.22618103027344,12.37499713897705,0.040584225207567215,479.1300048828125,0.42028242349624634,1.1800130605697632,0.40991538763046265,35.894588470458984,94.88880920410156,0.01617366634309292,0.17022450268268585,0.0,0.3024020791053772,0.3049309253692627,0.05000000074505806,0.9889680743217468,41.67456817626953,0.16064785420894623,76.7714614868164,0.021193338558077812,368.64678955078125,0.2795582115650177,24.085554122924805
0.23153385182988429,1.0,0.2621449828147888,64.91716766357422,0.623258113861084,45.968414306640625,1.7743699550628662,0.07098368555307388,495.3800048828125,1.0360928773880005,0.46036630868911743,0.28433066606521606,12.596735954284668,87.14505004882812,0.038023442029953,0.2199246734380722,0.7900000214576721,0.3003176152706146,0.3811945617198944,0.009999999776482582,1.104048728942871,6.8146820068359375,0.5628226399421692,96.84049224853516,0.02544044516980648,593.450439453125,0.5419973134994507,9.647209167480469
0.11280323015711617,1.0,0.2621449828147888,64.91716766357422,0.623258113861084,45.968414306640625,1.7743699550628662,0.07098368555307388,495.3800048828125,1.0360928773880005,0.46036630868911743,0.28433066606521606,12.596735954284668,87.14505004882812,0.038023442029953,0.2199246734380722,0.7900000214576721,0.3003176152706146,0.3811945617198944,0.009999999776482582,1.104048728942871,6.8146820068359375,0.5628226399421692,96.84049224853516,0.02544044516980648,593.450439453125,0.5419973134994507,9.647209167480469
0.376646029156834,1.0,0.31596753001213074,76.11972045898438,0.440029501914978,87.37464141845703,5.855906963348389,0.047073837369680405,482.2200012207031,0.3520567715167999,0.5960653424263,0.32936277985572815,14.910743713378906,80.02899932861328,0.015209902077913284,0.18349365890026093,0.0,0.2706007659435272,0.2732698917388916,0.03999999910593033,0.8356396555900574,16.600360870361328,0.1441887766122818,75.34138488769531,0.00835024006664753,360.23760986328125,0.5320746898651123,9.341948509216309
0.2253845121011688,1.0,0.31596753001213074,76.11972045898438,0.440029501914978,87.37464141845703,5.855906963348389,0.047073837369680405,482.2200012207031,0.3520567715167999,0.5960653424263,0.32936277985572815,14.910743713378906,80.02899932861328,0.015209902077913284,0.18349365890026093,0.0,0.2706007659435272,0.2732698917388916,0.03999999910593033,0.8356396555900574,16.600360870361328,0.1441887766122818,75.34138488769531,0.00835024006664753,360.23760986328125,0.5320746898651123,9.341948509216309
0.23840375529692678,1.0,0.1903807371854782,83.02152252197266,0.3346860706806183,64.89007568359375,4.541595935821533,0.063994862139225,490.7300109863281,0.28198742866516113,0.6393013000488281,0.21166731417179108,14.680898666381836,113.59317779541016,0.01822829805314541,0.18022437393665314,0.9800000190734863,0.379455029964447,0.2742308974266052,0.019999999552965164,0.5378556251525879,7.740655899047852,0.1582472324371338,71.31934356689453,0.039254505187273026,646.0596923828125,0.20805920660495758,12.67820930480957
0.14920519480599825,1.0,0.1903807371854782,83.02152252197266,0.3346860706806183,64.89007568359375,4.541595935821533,0.063994862139225,490.7300109863281,0.28198742866516113,0.6393013000488281,0.21166731417179108,14.680898666381836,113.59317779541016,0.01822829805314541,0.18022437393665314,0.9800000190734863,0.379455029964447,0.2742308974266052,0.019999999552965164,0.5378556251525879,7.740655899047852,0.1582472324371338,71.31934356689453,0.039254505187273026,646.0596923828125,0.20805920660495758,12.67820930480957
0.40753892279409604,1.0,0.44694510102272034,60.76449203491211,0.46206018328666687,139.99087524414062,0.9632533192634583,0.030582597479224205,450.82000732421875,0.3073006868362427,0.5308521389961243,0.4755072295665741,8.88276195526123,137.53810119628906,0.016410378739237785,0.1397651731967926,0.0,0.29116594791412354,0.2423674315214157,0.10999999940395355,0.6266770362854004,4.7993316650390625,0.193498894572258,77.02130889892578,0.0583752878010273,367.89630126953125,0.19569823145866394,6.225681304931641
0.4383652062612096,1.0,0.44694510102272034,60.76449203491211,0.46206018328666687,139.99087524414062,0.9632533192634583,0.030582597479224205,450.82000732421875,0.3073006868362427,0.5308521389961243,0.4755072295665741,8.88276195526123,137.53810119628906,0.016410378739237785,0.1397651731967926,0.0,0.29116594791412354,0.2423674315214157,0.10999999940395355,0.6266770362854004,4.7993316650390625,0.193498894572258,77.02130889892578,0.0583752878010273,367.89630126953125,0.19569823145866394,6.225681304931641
0.2774568180104403,1.0,0.29420235753059387,59.3499870300293,0.4184987545013428,0.0,4.356305122375488,0.036065567284822464,500.0,0.728040874004364,0.4047487676143646,0.34323716163635254,72.65483093261719,40.0472526550293,0.01669023558497429,0.08061590045690536,0.0,0.23485413193702698,0.12977270781993866,0.0,1.0013914108276367,7.67710018157959,0.21527302265167236,112.12998962402344,0.008224990218877792,503.91082763671875,0.39709022641181946,63.56208419799805
0.23367720748484655,1.0,0.29420235753059387,59.3499870300293,0.4184987545013428,0.0,4.356305122375488,0.036065567284822464,500.0,0.728040874004364,0.4047487676143646,0.34323716163635254,72.65483093261719,40.0472526550293,0.01669023558497429,0.08061590045690536,0.0,0.23485413193702698,0.12977270781993866,0.0,1.0013914108276367,7.67710018157959,0.21527302265167236,112.12998962402344,0.008224990218877792,503.91082763671875,0.39709022641181946,63.56208419799805
0.3781326337538397,1.0,0.39533179998397827,49.445133209228516,0.31481847167015076,78.52957153320312,11.525453567504883,0.031986337155103683,486.19000244140625,0.6680559515953064,0.3322080671787262,0.4015454053878784,63.32972717285156,69.2852554321289,0.01118061225861311,0.08650129288434982,0.0,0.28757530450820923,0.159875750541687,0.029999999329447746,0.9470512866973877,12.053954124450684,0.0966082215309143,111.46219635009766,0.01941460184752941,314.2697448730469,0.20920726656913757,62.90281295776367
0.35620722037677244,1.0,0.39533179998397827,49.445133209228516,0.31481847167015076,78.52957153320312,11.525453567504883,0.031986337155103683,486.19000244140625,0.6680559515953064,0.3322080671787262,0.4015454053878784,63.32972717285156,69.2852554321289,0.01118061225861311,0.08650129288434982,0.0,0.28757530450820923,0.159875750541687,0.029999999329447746,0.9470512866973877,12.053954124450684,0.0966082215309143,111.46219635009766,0.01941460184752941,314.2697448730469,0.20920726656913757,62.90281295776367
0.4417777507740933,1.0,0.45796239376068115,75.98779296875,0.5090621113777161,113.78349304199219,4.68933629989624,0.023097092285752296,468.82000732421875,0.2823464572429657,0.3075691759586334,0.48352429270744324,18.171188354492188,90.80003356933594,0.004276758059859276,0.06440842151641846,0.0,0.17802976071834564,0.09719108790159225,0.07000000029802322,0.6993622183799744,9.351069450378418,0.21174010634422302,90.65760803222656,0.006784848403185606,272.50286865234375,0.36606258153915405,7.890899181365967
0.37723655630758823,1.0,0.45796239376068115,75.98779296875,0.5090621113777161,113.78349304199219,4.68933629989624,0.023097092285752296,468.82000732421875,0.2823464572429657,0.3075691759586334,0.48352429270744324,18.171188354492188,90.80003356933594,0.004276758059859276,0.06440842151641846,0.0,0.17802976071834564,0.09719108790159225,0.07000000029802322,0.6993622183799744,9.351069450378418,0.21174010634422302,90.65760803222656,0.006784848403185606,272.50286865234375,0.36606258153915405,7.890899181365967
0.18255574041383288,1.0,0.13395918905735016,54.546268463134766,0.42643967270851135,97.1113510131836,6.894652843475342,0.11075269430875778,467.510009765625,0.7748358845710754,1.2556848526000977,0.13395918905735016,9.031030654907227,286.41998291015625,0.11075269430875778,0.5360840559005737,0.7699999809265137,0.5377295017242432,1.2484666109085083,0.12999999523162842,0.7858431339263916,7.645934104919434,0.42443132400512695,66.55628967285156,0.15467585623264313,696.881591796875,0.5926048159599304,8.222436904907227
0.09715157767471672,1.0,0.13395918905735016,54.546268463134766,0.42643967270851135,97.1113510131836,6.894652843475342,0.11075269430875778,467.510009765625,0.7748358845710754,1.2556848526000977,0.13395918905735016,9.031030654907227,286.41998291015625,0.11075269430875778,0.5360840559005737,0.7699999809265137,0.5377295017242432,1.2484666109085083,0.12999999523162842,0.7858431339263916,7.645934104919434,0.42443132400512695,66.55628967285156,0.15467585623264313,696.881591796875,0.5926048159599304,8.222436904907227
0.4506846152293286,1.0,0.19395236670970917,67.58556365966797,0.31861764192581177,45.769378662109375,1.0125502347946167,0.0980476438999176,495.3999938964844,0.2769249379634857,0.6825182437896729,0.22801628708839417,8.880475997924805,103.70417022705078,0.05582021176815033,0.20610234141349792,0.9700000286102295,0.36794477701187134,0.31053489446640015,0.009999999776482582,0.5056325197219849,11.767685890197754,0.1802864670753479,49.37455749511719,0.0676933228969574,672.8392944335938,0.1989957094192505,6.3048882484436035
0.24356095621116214,1.0,0.19395236670970917,67.58556365966797,0.31861764192581177,45.769378662109375,1.0125502347946167,0.0980476438999176,495.3999938964844,0.2769249379634857,0.6825182437896729,0.22801628708839417,8.880475997924805,103.70417022705078,0.05582021176815033,0.20610234141349792,0.9700000286102295,0.36794477701187134,0.31053489446640015,0.009999999776482582,0.5056325197219849,11.767685890197754,0.1802864670753479,49.37455749511719,0.0676933228969574,672.8392944335938,0.1989957094192505,6.3048882484436035
0.3470422336249132,1.0,0.394540935754776,69.54573059082031,0.5366741418838501,109.01347351074219,6.84458065032959,0.025447266176342964,472.4599914550781,1.0207267999649048,0.7161669731140137,0.43443137407302856,99.17964935302734,74.76588439941406,0.018420785665512085,0.14279517531394958,0.0,0.217996284365654,0.2628141939640045,0.05999999865889549,1.3513429164886475,31.489887237548828,0.17740142345428467,143.85838317871094,0.0049621290527284145,273.0651550292969,0.5147019624710083,85.01396942138672
0.3731058505950821,1.0,0.394540935754776,69.54573059082031,0.5366741418838501,109.01347351074219,6.84458065032959,0.025447266176342964,472.4599914550781,1.0207267999649048,0.7161669731140137,0.43443137407302856,99.17964935302734,74.76588439941406,0.018420785665512085,0.14279517531394958,0.0,0.217996284365654,0.2628141939640045,0.05999999865889549,1.3513429164886475,31.489887237548828,0.17740142345428467,143.85838317871094,0.0049621290527284145,273.0651550292969,0.5147019624710083,85.01396942138672
0.2265109892561236,1.0,0.5444987416267395,43.97904586791992,1.129394769668579,169.93743896484375,7.4826130867004395,0.014916515909135342,423.1499938964844,4.008899211883545,0.23693831264972687,0.5486921668052673,77.64924621582031,161.21359252929688,0.021453814581036568,0.06369144469499588,0.019999999552965164,0.07521624863147736,0.17518876492977142,0.17000000178813934,4.018436431884766,15.074697494506836,1.1193917989730835,87.13406372070312,0.00981238391250372,341.98114013671875,0.8342775106430054,75.41729736328125
0.17592493500213804,1.0,0.5444987416267395,43.97904586791992,1.129394769668579,169.93743896484375,7.4826130867004395,0.014916515909135342,423.1499938964844,4.008899211883545,0.23693831264972687,0.5486921668052673,77.64924621582031,161.21359252929688,0.021453814581036568,0.06369144469499588,0.019999999552965164,0.07521624863147736,0.17518876492977142,0.17000000178813934,4.018436431884766,15.074697494506836,1.1193917989730835,87.13406372070312,0.00981238391250372,341.98114013671875,0.8342775106430054,75.41729736328125
0.3425838269479574,1.0,0.5483526587486267,58.515567779541016,0.5347488522529602,62.63181686401367,4.305116653442383,0.01555907167494297,491.05999755859375,0.4026327431201935,0.5651488304138184,0.5507320761680603,40.80757522583008,39.0275993347168,0.00234841275960207,0.1120450347661972,0.0,0.16496378183364868,0.1332779973745346,0.019999999552965164,1.000941276550293,5.362982273101807,0.10832053422927856,75.29644012451172,0.008196964859962463,144.78143310546875,0.2331470400094986,39.438720703125
0.2730435095699547,1.0,0.5483526587486267,58.515567779541016,0.5347488522529602,62.63181686401367,4.305116653442383,0.01555907167494297,491.05999755859375,0.4026327431201935,0.5651488304138184,0.5507320761680603,40.80757522583008,39.0275993347168,0.00234841275960207,0.1120450347661972,0.0,0.16496378183364868,0.1332779973745346,0.019999999552965164,1.000941276550293,5.362982273101807,0.10832053422927856,75.29644012451172,0.008196964859962463,144.78143310546875,0.2331470400094986,39.438720703125
0.3460189072760045,1.0,0.29545164108276367,43.5600471496582,0.5075139403343201,39.003421783447266,1.3922251462936401,0.03891100734472275,496.0799865722656,0.3878674805164337,0.8359895348548889,0.3584767282009125,9.422008514404297,65.59437561035156,0.013442441821098328,0.08920163661241531,0.0,0.23448215425014496,0.15742939710617065,0.009999999776482582,0.9086677432060242,8.739031791687012,0.19087806344032288,44.630287170410156,0.027695052325725555,520.7687377929688,0.28532734513282776,4.652597427368164
0.30990073853166383,1.0,0.29545164108276367,43.5600471496582,0.5075139403343201,39.003421783447266,1.3922251462936401,0.03891100734472275,496.0799865722656,0.3878674805164337,0.8359895348548889,0.3584767282009125,9.422008514404297,65.59437561035156,0.013442441821098328,0.08920163661241531,0.0,0.23448215425014496,0.15742939710617065,0.009999999776482582,0.9086677432060242,8.739031791687012,0.19087806344032288,44.630287170410156,0.027695052325725555,520.7687377929688,0.28532734513282776,4.652597427368164
0.43804611623784556,1.0,0.2011696994304657,48.226375579833984,0.683225691318512,44.47597122192383,15.705881118774414,0.08889234066009521,495.5299987792969,2.2852985858917236,1.3650071620941162,0.2192400097846985,64.66756439208984,94.79056549072266,0.07500945031642914,0.3078368902206421,0.9900000095367432,0.375352144241333,0.9422386884689331,0.009999999776482582,2.6548397541046143,16.65375328063965,0.5858632922172546,84.64706420898438,0.11188554763793945,643.0189819335938,0.5523284077644348,56.21562957763672
0.08254746418058587,1.0,0.2619388997554779,48.93153762817383,0.3586087226867676,44.177494049072266,4.558442115783691,0.03321903571486473,495.55999755859375,0.28888392448425293,0.5016218423843384,0.27293187379837036,23.83408546447754,86.51736450195312,0.0038570307660847902,0.047867655754089355,0.0,0.17650721967220306,0.12176685780286789,0.009999999776482582,0.8864390254020691,8.36053466796875,0.0526997335255146,87.9246826171875,0.010124729946255684,651.2151489257812,0.1413714736700058,16.47867774963379
0.38895111891274187,1.0,0.4095023274421692,27.411043167114258,1.2985610961914062,128.5956268310547,5.274672985076904,0.024488329887390137,457.3599853515625,4.4550886154174805,0.648318350315094,0.4609053432941437,70.57024383544922,106.7177505493164,0.024557271972298622,0.24502992630004883,0.0,0.2478005737066269,0.7180512547492981,0.10000000149011612,4.608157157897949,5.320477485656738,1.2372915744781494,88.5992202758789,0.1280401647090912,305.37322998046875,0.7642717361450195,68.9718246459961
0.32206585281585026,1.0,0.35109734535217285,40.45964431762695,0.4914539158344269,130.50738525390625,0.9612066745758057,0.10763009637594223,447.6300048828125,0.2170814424753189,0.34015002846717834,0.4476371705532074,6.365935802459717,183.7901153564453,0.1092086061835289,0.10227808356285095,0.0,0.20909076929092407,0.05467544496059418,0.14000000059604645,0.39173024892807007,2.7200927734375,0.2897894084453583,56.34084701538086,0.05016034096479416,422.4554748535156,0.14411790668964386,5.377235412597656
0.1628784089582905,1.0,0.35109734535217285,40.45964431762695,0.4914539158344269,130.50738525390625,0.9612066745758057,0.10763009637594223,447.6300048828125,0.2170814424753189,0.34015002846717834,0.4476371705532074,6.365935802459717,183.7901153564453,0.1092086061835289,0.10227808356285095,0.0,0.20909076929092407,0.05467544496059418,0.14000000059604645,0.39173024892807007,2.7200927734375,0.2897894084453583,56.34084701538086,0.05016034096479416,422.4554748535156,0.14411790668964386,5.377235412597656
0.5868803974491614,1.0,0.5897765159606934,26.88515853881836,0.7442823052406311,137.59339904785156,5.624782085418701,0.02712181955575943,440.19000244140625,1.3113130331039429,0.2903694808483124,0.5943583250045776,35.58664321899414,144.57119750976562,0.03571304306387901,0.06624289602041245,0.0,0.10748661309480667,0.12129227817058563,0.1599999964237213,1.3945115804672241,5.231027603149414,0.6309117078781128,63.05963897705078,0.03432116657495499,359.9481506347656,0.4475610852241516,34.60036087036133
0.29045230249101184,1.0,0.3522314131259918,87.79027557373047,0.8774258494377136,72.40003204345703,4.5217390060424805,0.0595250204205513,487.29998779296875,1.4069656133651733,0.5950027108192444,0.36593085527420044,21.854286193847656,135.82199096679688,0.041050318628549576,0.17536583542823792,0.8600000143051147,0.33766162395477295,0.34731361269950867,0.029999999329447746,1.5313855409622192,13.481131553649902,0.7795276641845703,95.93416595458984,0.026378078386187553,587.0601806640625,0.5110434889793396,17.631113052368164
0.17393811815545274,1.0,0.3522314131259918,87.79027557373047,0.8774258494377136,72.40003204345703,4.5217390060424805,0.0595250204205513,487.29998779296875,1.4069656133651733,0.5950027108192444,0.36593085527420044,21.854286193847656,135.82199096679688,0.041050318628549576,0.17536583542823792,0.8600000143051147,0.33766162395477295,0.34731361269950867,0.029999999329447746,1.5313855409622192,13.481131553649902,0.7795276641845703,95.93416595458984,0.026378078386187553,587.0601806640625,0.5110434889793396,17.631113052368164
0.37303318043939204,1.0,0.4066024124622345,49.21971893310547,0.32594823837280273,93.5301742553711,27.121469497680664,0.016791323199868202,478.6000061035156,0.5331613421440125,0.3698102533817291,0.4094926118850708,85.19978332519531,75.38573455810547,0.011459669098258018,0.05637107416987419,0.0,0.18222518265247345,0.335053950548172,0.05000000074505806,1.0094780921936035,19.52812957763672,0.0773710086941719,104.55388641357422,0.004157509189099073,275.6528015136719,0.1864721179008484,48.930606842041016
0.3566018809419572,1.0,0.4066024124622345,49.21971893310547,0.32594823837280273,93.5301742553711,27.121469497680664,0.016791323199868202,478.6000061035156,0.5331613421440125,0.3698102533817291,0.4094926118850708,85.19978332519531,75.38573455810547,0.011459669098258018,0.05637107416987419,0.0,0.18222518265247345,0.335053950548172,0.05000000074505806,1.0094780921936035,19.52812957763672,0.0773710086941719,104.55388641357422,0.004157509189099073,275.6528015136719,0.1864721179008484,48.930606842041016
0.28971872370883106,1.0,0.13870933651924133,67.44051361083984,0.2990574836730957,62.45022201538086,6.4983344078063965,0.09232883155345917,491.0799865722656,0.46539586782455444,0.5375350117683411,0.1648085117340088,22.031700134277344,130.70399475097656,0.031100338324904442,0.17735004425048828,0.9800000190734863,0.3777235746383667,0.2560850977897644,0.019999999552965164,0.6102555394172668,14.939860343933105,0.17784050107002258,54.73268508911133,0.024244481697678566,731.2538452148438,0.2769477367401123,18.440248489379883
0.16491004403425902,1.0,0.13870933651924133,67.44051361083984,0.2990574836730957,62.45022201538086,6.4983344078063965,0.09232883155345917,491.0799865722656,0.46539586782455444,0.5375350117683411,0.1648085117340088,22.031700134277344,130.70399475097656,0.031100338324904442,0.17735004425048828,0.9800000190734863,0.3777235746383667,0.2560850977897644,0.019999999552965164,0.6102555394172668,14.939860343933105,0.17784050107002258,54.73268508911133,0.024244481697678566,731.2538452148438,0.2769477367401123,18.440248489379883
0.34743586313367986,1.0,0.41170817613601685,74.93669891357422,0.4231843054294586,0.0,1.1796436309814453,0.01775173284113407,500.0,0.2712914049625397,0.5276662707328796,0.4163362383842468,10.385293960571289,37.97549819946289,0.004232657607644796,0.08152171224355698,0.0,0.22961804270744324,0.1956813782453537,0.0,0.6598622798919678,8.073339462280273,0.12694016098976135,76.108642578125,0.02501133643090725,302.44512939453125,0.43197450041770935,7.1069865226745605
0.3609691871127808,1.0,0.41170817613601685,74.93669891357422,0.4231843054294586,0.0,1.1796436309814453,0.01775173284113407,500.0,0.2712914049625397,0.5276662707328796,0.4163362383842468,10.385293960571289,37.97549819946289,0.004232657607644796,0.08152171224355698,0.0,0.22961804270744324,0.1956813782453537,0.0,0.6598622798919678,8.073339462280273,0.12694016098976135,76.108642578125,0.02501133643090725,302.44512939453125,0.43197450041770935,7.1069865226745605
0.31371560934482356,1.0,0.5481476783752441,48.85086441040039,0.5891187787055969,95.31443786621094,5.749157905578613,0.018988659605383873,478.1600036621094,0.8875448107719421,0.5426522493362427,0.550291895866394,89.9295654296875,52.938785552978516,0.013218948617577553,0.1808594912290573,0.0,0.3320562541484833,0.19382895529270172,0.05000000074505806,1.0448030233383179,5.8302903175354,0.1455259919166565,110.5330810546875,0.028636852279305458,91.50868225097656,0.5063615441322327,89.80753326416016
0.33278965175017117,1.0,0.5481476783752441,48.85086441040039,0.5891187787055969,95.31443786621094,5.749157905578613,0.018988659605383873,478.1600036621094,0.8875448107719421,0.5426522493362427,0.550291895866394,89.9295654296875,52.938785552978516,0.013218948617577553,0.1808594912290573,0.0,0.3320562541484833,0.19382895529270172,0.05000000074505806,1.0448030233383179,5.8302903175354,0.1455259919166565,110.5330810546875,0.028636852279305458,91.50868225097656,0.5063615441322327,89.80753326416016
0.5216590329577384,1.0,0.4970475137233734,74.52085876464844,0.4346572756767273,73.27106475830078,2.8968636989593506,0.011633442714810371,487.1499938964844,0.3340047597885132,0.689106822013855,0.49903634190559387,12.763738632202148,45.70745086669922,0.0014820733340457082,0.16901853680610657,0.0,0.3828388452529907,0.38166096806526184,0.029999999329447746,0.755975604057312,14.327171325683594,0.1776154637336731,89.24959564208984,0.07681090384721756,179.0141143798828,0.2666511833667755,7.513819694519043
0.3319707128435826,1.0,0.19125787913799286,59.338016510009766,0.4115747809410095,38.80446243286133,1.7049753665924072,0.06977633386850357,496.1000061035156,0.7545747756958008,0.5858744382858276,0.23404549062252045,37.46839141845703,95.04611206054688,0.048110365867614746,0.23181486129760742,0.9800000190734863,0.3970819413661957,0.21135862171649933,0.009999999776482582,0.9283843636512756,4.4847564697265625,0.22006019949913025,101.9114761352539,0.015233932062983513,645.5404052734375,0.5718212723731995,33.96180725097656
0.26050372543032,1.0,0.19125787913799286,59.338016510009766,0.4115747809410095,38.80446243286133,1.7049753665924072,0.06977633386850357,496.1000061035156,0.7545747756958008,0.5858744382858276,0.23404549062252045,37.46839141845703,95.04611206054688,0.048110365867614746,0.23181486129760742,0.9800000190734863,0.3970819413661957,0.21135862171649933,0.009999999776482582,0.9283843636512756,4.4847564697265625,0.22006019949913025,101.9114761352539,0.015233932062983513,645.5404052734375,0.5718212723731995,33.96180725097656
0.22613921755982022,1.0,0.12076108157634735,83.28311157226562,0.291315495967865,65.6600112915039,7.224411487579346,0.0665171891450882,490.6199951171875,0.3299868106842041,0.8230117559432983,0.138185515999794,27.09708023071289,128.75680541992188,0.036218758672475815,0.18248827755451202,0.9800000190734863,0.390272855758667,0.29898837208747864,0.019999999552965164,0.6188400983810425,26.214372634887695,0.12880192697048187,80.39071655273438,0.027815869078040123,760.9534912109375,0.3073403835296631,17.956655502319336
0.02023491997256757,1.0,0.12076108157634735,83.28311157226562,0.291315495967865,65.6600112915039,7.224411487579346,0.0665171891450882,490.6199951171875,0.3299868106842041,0.8230117559432983,0.138185515999794,27.09708023071289,128.75680541992188,0.036218758672475815,0.18248827755451202,0.9800000190734863,0.390272855758667,0.29898837208747864,0.019999999552965164,0.6188400983810425,26.214372634887695,0.12880192697048187,80.39071655273438,0.027815869078040123,760.9534912109375,0.3073403835296631,17.956655502319336
0.6400687227035435,1.0,0.5027750730514526,74.03549194335938,0.5026203989982605,73.83462524414062,1.3903652429580688,0.018893498927354813,487.0299987792969,0.5359209179878235,0.40504637360572815,0.5068365931510925,11.098742485046387,71.72888946533203,0.007401729468256235,0.08658305555582047,0.0,0.24114936590194702,0.13566266000270844,0.029999999329447746,0.6873238682746887,4.555331707000732,0.34350547194480896,63.40431594848633,0.0330001562833786,331.1569519042969,0.1993803083896637,7.199841022491455
0.2732670917292672,1.0,0.07334122806787491,66.3856430053711,0.24359768629074097,97.65815734863281,3.454597234725952,0.07752519845962524,477.6000061035156,0.7594993710517883,0.389486700296402,0.10141322761774063,74.46173095703125,210.25149536132812,0.04442557319998741,0.17400498688220978,0.949999988079071,0.3306502401828766,0.14763879776000977,0.05000000074505806,0.9130549430847168,7.20601749420166,0.12540900707244873,105.54471588134766,0.053969889879226685,837.1834106445312,0.1673668920993805,71.19495391845703
0.24154289198408826,1.0,0.07334122806787491,66.3856430053711,0.24359768629074097,97.65815734863281,3.454597234725952,0.07752519845962524,477.6000061035156,0.7594993710517883,0.389486700296402,0.10141322761774063,74.46173095703125,210.25149536132812,0.04442557319998741,0.17400498688220978,0.949999988079071,0.3306502401828766,0.14763879776000977,0.05000000074505806,0.9130549430847168,7.20601749420166,0.12540900707244873,105.54471588134766,0.053969889879226685,837.1834106445312,0.1673668920993805,71.19495391845703
0.37129419116272483,1.0,0.330354779958725,78.10541534423828,0.5094925761222839,64.6824722290039,1.5480842590332031,0.034408267587423325,490.760009765625,0.41680270433425903,0.6602205634117126,0.3397999107837677,9.745474815368652,92.79466247558594,0.010470118373632431,0.21939323842525482,0.0,0.44715437293052673,0.30467361211776733,0.019999999552965164,0.7443724870681763,7.113745212554932,0.2508925795555115,80.78732299804688,0.025647303089499474,487.1278076171875,0.34892159700393677,6.434649467468262
0.31686063129421277,1.0,0.22171065211296082,58.734161376953125,0.3850650191307068,42.78441619873047,0.8463922739028931,0.07640272378921509,495.70001220703125,0.3007890582084656,0.5764707922935486,0.25857067108154297,5.8097920417785645,97.0202865600586,0.01828436367213726,0.15866588056087494,0.10000000149011612,0.32842952013015747,0.2884538471698761,0.009999999776482582,0.5281854271888733,3.943382978439331,0.173112690448761,94.86942291259766,0.01723880134522915,668.825439453125,0.3590906262397766,3.858950138092041
0.1776944776511073,1.0,0.22171065211296082,58.734161376953125,0.3850650191307068,42.78441619873047,0.8463922739028931,0.07640272378921509,495.70001220703125,0.3007890582084656,0.5764707922935486,0.25857067108154297,5.8097920417785645,97.0202865600586,0.01828436367213726,0.15866588056087494,0.10000000149011612,0.32842952013015747,0.2884538471698761,0.009999999776482582,0.5281854271888733,3.943382978439331,0.173112690448761,94.86942291259766,0.01723880134522915,668.825439453125,0.3590906262397766,3.858950138092041
0.2314624863544423,1.0,0.0698876902461052,70.2454605102539,0.20839852094650269,62.94429016113281,0.508372962474823,0.08374865353107452,491.010009765625,0.13267311453819275,0.5576315522193909,0.10104095935821533,5.3203229904174805,138.9896697998047,0.011855211108922958,0.13253070414066315,0.9800000190734863,0.35515499114990234,0.18791563808918,0.019999999552965164,0.30765166878700256,6.033876419067383,0.07663688063621521,84.25994873046875,0.022533202543854713,831.441162109375,0.1788235902786255,3.5116872787475586
0.09555797898518426,1.0,0.0698876902461052,70.2454605102539,0.20839852094650269,62.94429016113281,0.508372962474823,0.08374865353107452,491.010009765625,0.13267311453819275,0.5576315522193909,0.10104095935821533,5.3203229904174805,138.9896697998047,0.011855211108922958,0.13253070414066315,0.9800000190734863,0.35515499114990234,0.18791563808918,0.019999999552965164,0.30765166878700256,6.033876419067383,0.07663688063621521,84.25994873046875,0.022533202543854713,831.441162109375,0.1788235902786255,3.5116872787475586
0.5140961111634693,1.0,0.2375316023826599,31.64441680908203,0.47850024700164795,98.06181335449219,28.07740020751953,0.07929334789514542,477.510009765625,3.6982293128967285,0.6668616533279419,0.267556756734848,258.5853576660156,168.91299438476562,0.03911883011460304,0.12610040605068207,0.8199999928474426,0.3215973377227783,0.5387852191925049,0.05000000074505806,3.875727891921997,29.01457977294922,0.3214418590068817,263.4263000488281,0.05314970016479492,631.0689086914062,0.28856226801872253,253.39395141601562
0.35870107583417554,1.0,0.2375316023826599,31.64441680908203,0.47850024700164795,98.06181335449219,28.07740020751953,0.07929334789514542,477.510009765625,3.6982293128967285,0.6668616533279419,0.267556756734848,258.5853576660156,168.91299438476562,0.03911883011460304,0.12610040605068207,0.8199999928474426,0.3215973377227783,0.5387852191925049,0.05000000074505806,3.875727891921997,29.01457977294922,0.3214418590068817,263.4263000488281,0.05314970016479492,631.0689086914062,0.28856226801872253,253.39395141601562
0.3472784030186535,1.0,0.4258315861225128,70.43902587890625,0.9652366042137146,63.77001190185547,9.582148551940918,0.04157804697751999,490.8900146484375,1.8935489654541016,0.30599188804626465,0.43883591890335083,41.62327194213867,80.30158996582031,0.006645615212619305,0.06495219469070435,0.029999999329447746,0.18098561465740204,0.11592234671115875,0.019999999552965164,1.9347280263900757,10.315905570983887,0.9139711260795593,81.49092864990234,0.009104081429541111,420.06414794921875,0.5153518319129944,39.327919006347656
0.3449296855969423,1.0,0.4258315861225128,70.43902587890625,0.9652366042137146,63.77001190185547,9.582148551940918,0.04157804697751999,490.8900146484375,1.8935489654541016,0.30599188804626465,0.43883591890335083,41.62327194213867,80.30158996582031,0.006645615212619305,0.06495219469070435,0.029999999329447746,0.18098561465740204,0.11592234671115875,0.019999999552965164,1.9347280263900757,10.315905570983887,0.9139711260795593,81.49092864990234,0.009104081429541111,420.06414794921875,0.5153518319129944,39.327919006347656
0.2988612553075589,1.0,0.25195327401161194,76.09356689453125,0.3600800037384033,0.0,2.0089480876922607,0.06864134222269058,500.0,0.19036346673965454,0.7413997054100037,0.2760005295276642,8.629085540771484,59.29768371582031,0.030198397114872932,0.18385429680347443,0.0,0.3888338506221771,0.324712336063385,0.0,0.4604220986366272,12.492049217224121,0.10116401314735413,72.8505630493164,0.08421726524829865,538.112548828125,0.13763736188411713,5.234453201293945
0.22412365379938287,1.0,0.25195327401161194,76.09356689453125,0.3600800037384033,0.0,2.0089480876922607,0.06864134222269058,500.0,0.19036346673965454,0.7413997054100037,0.2760005295276642,8.629085540771484,59.29768371582031,0.030198397114872932,0.18385429680347443,0.0,0.3888338506221771,0.324712336063385,0.0,0.4604220986366272,12.492049217224121,0.10116401314735413,72.8505630493164,0.08421726524829865,538.112548828125,0.13763736188411713,5.234453201293945
0.2912126053888074,1.0,0.41623619198799133,89.38681030273438,0.420299232006073,0.0,0.7920212149620056,0.014107526279985905,500.0,0.14063788950443268,0.47447508573532104,0.4191761016845703,8.415506362915039,25.746423721313477,0.0016615133499726653,0.10691483318805695,0.0,0.2656169831752777,0.15610982477664948,0.0,0.4204169809818268,9.182263374328613,0.09853962808847427,71.36015319824219,0.02134859189391136,317.2717590332031,0.13962052762508392,5.142785549163818
0.15732350846406365,1.0,0.41623619198799133,89.38681030273438,0.420299232006073,0.0,0.7920212149620056,0.014107526279985905,500.0,0.14063788950443268,0.47447508573532104,0.4191761016845703,8.415506362915039,25.746423721313477,0.0016615133499726653,0.10691483318805695,0.0,0.2656169831752777,0.15610982477664948,0.0,0.4204169809818268,9.182263374328613,0.09853962808847427,71.36015319824219,0.02134859189391136,317.2717590332031,0.13962052762508392,5.142785549163818
0.32832665941031747,1.0,0.14384327828884125,84.3407974243164,0.3338105082511902,123.23304748535156,1.8632651567459106,0.11524351686239243,463.70001220703125,0.2759326100349426,0.7804189324378967,0.20478114485740662,12.741415023803711,206.63775634765625,0.03726067394018173,0.21314460039138794,0.9200000166893005,0.44428718090057373,0.31008630990982056,0.07999999821186066,0.5877524018287659,25.107023239135742,0.17406634986400604,70.7815933227539,0.01627984084188938,622.9288330078125,0.5105587244033813,4.911774158477783
0.28914678051705217,1.0,0.14384327828884125,84.3407974243164,0.3338105082511902,123.23304748535156,1.8632651567459106,0.11524351686239243,463.70001220703125,0.2759326100349426,0.7804189324378967,0.20478114485740662,12.741415023803711,206.63775634765625,0.03726067394018173,0.21314460039138794,0.9200000166893005,0.44428718090057373,0.31008630990982056,0.07999999821186066,0.5877524018287659,25.107023239135742,0.17406634986400604,70.7815933227539,0.01627984084188938,622.9288330078125,0.5105587244033813,4.911774158477783
0.32190926589583324,1.0,0.38346725702285767,52.67555618286133,0.3844246566295624,0.0,6.219130992889404,0.007862286642193794,500.0,1.0022557973861694,0.587935209274292,0.38346725702285767,73.16311645507812,28.08846664428711,0.007862286642193794,0.08653460443019867,0.0,0.2814269959926605,0.1311480849981308,0.0,1.2419987916946411,5.977532386779785,0.09715663641691208,99.87052917480469,0.034649334847927094,317.01611328125,0.15193018317222595,72.88134002685547
0.3001965994868546,1.0,0.1855667680501938,98.37138366699219,0.3784124553203583,101.2646713256836,47.61537170410156,0.08833625912666321,476.7699890136719,1.2779948711395264,1.621708869934082,0.22733262181282043,116.72647857666016,171.78074645996094,0.052568767219781876,0.1671552211046219,0.949999988079071,0.34822964668273926,1.0720542669296265,0.05000000074505806,1.6398624181747437,63.20432662963867,0.13735529780387878,141.79531860351562,0.08601993322372437,639.599853515625,0.32368722558021545,103.44727325439453
0.21360559634825782,1.0,0.1855667680501938,98.37138366699219,0.3784124553203583,101.2646713256836,47.61537170410156,0.08833625912666321,476.7699890136719,1.2779948711395264,1.621708869934082,0.22733262181282043,116.72647857666016,171.78074645996094,0.052568767219781876,0.1671552211046219,0.949999988079071,0.34822964668273926,1.0720542669296265,0.05000000074505806,1.6398624181747437,63.20432662963867,0.13735529780387878,141.79531860351562,0.08601993322372437,639.599853515625,0.32368722558021545,103.44727325439453
0.20805137716831773,1.0,0.11460213363170624,83.75879669189453,0.2980758547782898,133.88836669921875,29.396888732910156,0.10323062539100647,455.4100036621094,1.0904536247253418,1.573872447013855,0.1358429342508316,102.52025604248047,268.176025390625,0.06711395829916,0.31524842977523804,0.8999999761581421,0.422143816947937,0.5080585479736328,0.10000000149011612,1.3709287643432617,58.530372619628906,0.21748267114162445,120.46897888183594,0.10148750245571136,725.2713012695312,0.16210108995437622,93.31561279296875
0.07776073183286399,1.0,0.11460213363170624,83.75879669189453,0.2980758547782898,133.88836669921875,29.396888732910156,0.10323062539100647,455.4100036621094,1.0904536247253418,1.573872447013855,0.1358429342508316,102.52025604248047,268.176025390625,0.06711395829916,0.31524842977523804,0.8999999761581421,0.422143816947937,0.5080585479736328,0.10000000149011612,1.3709287643432617,58.530372619628906,0.21748267114162445,120.46897888183594,0.10148750245571136,725.2713012695312,0.16210108995437622,93.31561279296875
0.34084789066898913,1.0,0.37520116567611694,91.3854751586914,0.39478254318237305,46.26692581176758,0.454216331243515,0.01622706465423107,495.3500061035156,0.19480709731578827,0.4152870178222656,0.37786534428596497,6.569122791290283,72.50402069091797,0.0015005862805992365,0.062331609427928925,0.0,0.2047295868396759,0.10974390059709549,0.009999999776482582,0.5046812891960144,3.636810064315796,0.17248187959194183,78.76480102539062,0.027142394334077835,413.7194519042969,0.1767173558473587,4.432129859924316
0.40840940320579366,1.0,0.37520116567611694,91.3854751586914,0.39478254318237305,46.26692581176758,0.454216331243515,0.01622706465423107,495.3500061035156,0.19480709731578827,0.4152870178222656,0.37786534428596497,6.569122791290283,72.50402069091797,0.0015005862805992365,0.062331609427928925,0.0,0.2047295868396759,0.10974390059709549,0.009999999776482582,0.5046812891960144,3.636810064315796,0.17248187959194183,78.76480102539062,0.027142394334077835,413.7194519042969,0.1767173558473587,4.432129859924316
0.3086866940384083,1.0,0.2626699209213257,77.243408203125,0.44682422280311584,60.5443229675293,0.8606781363487244,0.10398340225219727,491.3699951171875,0.2202436327934265,0.7164530754089355,0.310802161693573,6.453619956970215,106.15837860107422,0.021859697997570038,0.2013549953699112,0.0,0.4219928979873657,0.29705414175987244,0.019999999552965164,0.5502990484237671,6.493330955505371,0.13419845700263977,62.65553665161133,0.0763079896569252,509.5126953125,0.15951769053936005,3.8419976234436035
0.26784189423786997,1.0,0.2626699209213257,77.243408203125,0.44682422280311584,60.5443229675293,0.8606781363487244,0.10398340225219727,491.3699951171875,0.2202436327934265,0.7164530754089355,0.310802161693573,6.453619956970215,106.15837860107422,0.021859697997570038,0.2013549953699112,0.0,0.4219928979873657,0.29705414175987244,0.019999999552965164,0.5502990484237671,6.493330955505371,0.13419845700263977,62.65553665161133,0.0763079896569252,509.5126953125,0.15951769053936005,3.8419976234436035
0.22058726522297972,1.0,0.32656389474868774,93.86216735839844,0.25246739387512207,63.93069839477539,1.9759244918823242,0.00032947075669653714,490.8699951171875,0.11885563284158707,0.30978843569755554,0.32656389474868774,11.953421592712402,72.78053283691406,0.00032947075669653714,0.03835055232048035,0.0,0.14408814907073975,0.039821598678827286,0.019999999552965164,0.44146397709846497,3.17250919342041,0.06302054226398468,79.07402038574219,0.000439478550106287,453.701171875,0.15980437397956848,10.806110382080078
0.11223069747434614,1.0,0.32656389474868774,93.86216735839844,0.25246739387512207,63.93069839477539,1.9759244918823242,0.00032947075669653714,490.8699951171875,0.11885563284158707,0.30978843569755554,0.32656389474868774,11.953421592712402,72.78053283691406,0.00032947075669653714,0.03835055232048035,0.0,0.14408814907073975,0.039821598678827286,0.019999999552965164,0.44146397709846497,3.17250919342041,0.06302054226398468,79.07402038574219,0.000439478550106287,453.701171875,0.15980437397956848,10.806110382080078
0.33812457526629613,1.0,0.23845626413822174,73.89160919189453,0.37860578298568726,47.062923431396484,7.834313869476318,0.06145844981074333,495.2699890136719,0.40061911940574646,0.4126003384590149,0.2659044861793518,44.447784423828125,75.96914672851562,0.024392710998654366,0.10188928991556168,0.0,0.30369749665260315,0.1888512820005417,0.009999999776482582,0.7721107602119446,10.869025230407715,0.12718410789966583,86.5637435913086,0.015845609828829765,551.1517333984375,0.22548891603946686,32.67292404174805
0.2292859452675713,1.0,0.23845626413822174,73.89160919189453,0.37860578298568726,47.062923431396484,7.834313869476318,0.06145844981074333,495.2699890136719,0.40061911940574646,0.4126003384590149,0.2659044861793518,44.447784423828125,75.96914672851562,0.024392710998654366,0.10188928991556168,0.0,0.30369749665260315,0.1888512820005417,0.009999999776482582,0.7721107602119446,10.869025230407715,0.12718410789966583,86.5637435913086,0.015845609828829765,551.1517333984375,0.22548891603946686,32.67292404174805
0.506954028852391,1.0,0.5254574418067932,61.981197357177734,0.3947683274745941,0.0,1.2003185749053955,0.009441380389034748,500.0,0.3082854747772217,0.6095327734947205,0.5271375775337219,9.177833557128906,30.42887306213379,0.0014229548396542668,0.09027092903852463,0.0,0.2887724041938782,0.24620923399925232,0.0,0.9410155415534973,4.383584499359131,0.1579870879650116,98.43394470214844,0.018115771934390068,115.32963562011719,0.21524715423583984,6.557384490966797
0.4447216010890926,1.0,0.5254574418067932,61.981197357177734,0.3947683274745941,0.0,1.2003185749053955,0.009441380389034748,500.0,0.3082854747772217,0.6095327734947205,0.5271375775337219,9.177833557128906,30.42887306213379,0.0014229548396542668,0.09027092903852463,0.0,0.2887724041938782,0.24620923399925232,0.0,0.9410155415534973,4.383584499359131,0.1579870879650116,98.43394470214844,0.018115771934390068,115.32963562011719,0.21524715423583984,6.557384490966797
0.44796368929098046,1.0,0.50506192445755,95.28478240966797,0.6265594959259033,43.779441833496094,8.718070030212402,0.01382402703166008,495.6000061035156,1.0604255199432373,0.3702821135520935,0.50815349817276,45.27847671508789,47.535316467285156,0.002836778061464429,0.13047021627426147,0.0,0.24552947282791138,0.23441767692565918,0.009999999776482582,1.8018734455108643,14.46054744720459,0.2992390990257263,95.01016998291016,0.04698999226093292,232.0412139892578,0.20798338949680328,25.390899658203125
0.40835830237389503,1.0,0.2784547507762909,74.08660125732422,0.4609280824661255,60.76066589355469,7.479451656341553,0.07270192354917526,491.32000732421875,0.26049959659576416,0.5735524892807007,0.3279797434806824,24.768573760986328,111.1994857788086,0.05222644656896591,0.14461511373519897,0.05999999865889549,0.33221668004989624,0.17968900501728058,0.019999999552965164,0.5465711355209351,27.337255477905273,0.2170870304107666,85.46245574951172,0.023601077497005463,599.589599609375,0.22480323910713196,12.576618194580078
0.3609545944590225,1.0,0.2784547507762909,74.08660125732422,0.4609280824661255,60.76066589355469,7.479451656341553,0.07270192354917526,491.32000732421875,0.26049959659576416,0.5735524892807007,0.3279797434806824,24.768573760986328,111.1994857788086,0.05222644656896591,0.14461511373519897,0.05999999865889549,0.33221668004989624,0.17968900501728058,0.019999999552965164,0.5465711355209351,27.337255477905273,0.2170870304107666,85.46245574951172,0.023601077497005463,599.589599609375,0.22480323910713196,12.576618194580078
0.24741068413627848,1.0,0.2643347382545471,62.6590461730957,0.3691076338291168,124.19368743896484,56.49333572387695,0.06453245133161545,463.3900146484375,4.470652103424072,1.9365626573562622,0.2905605435371399,298.84197998046875,160.59608459472656,0.023625455796718597,0.097086101770401,0.009999999776482582,0.2181127667427063,1.6942776441574097,0.07999999821186066,5.068731784820557,62.00918960571289,0.22729067504405975,307.5800476074219,0.06631778925657272,497.3714599609375,0.43471068143844604,280.7840270996094
0.232902723220017,1.0,0.2643347382545471,62.6590461730957,0.3691076338291168,124.19368743896484,56.49333572387695,0.06453245133161545,463.3900146484375,4.470652103424072,1.9365626573562622,0.2905605435371399,298.84197998046875,160.59608459472656,0.023625455796718597,0.097086101770401,0.009999999776482582,0.2181127667427063,1.6942776441574097,0.07999999821186066,5.068731784820557,62.00918960571289,0.22729067504405975,307.5800476074219,0.06631778925657272,497.3714599609375,0.43471068143844604,280.7840270996094
0.29888869373599875,1.0,0.3059687316417694,50.83212661743164,0.6451525092124939,85.56925201416016,28.363658905029297,0.0927499309182167,482.5799865722656,1.7467645406723022,0.8896223306655884,0.31561198830604553,142.34791564941406,167.4786376953125,0.07850699871778488,0.47724708914756775,0.7300000190734863,0.5976516604423523,0.7129859328269958,0.03999999910593033,1.8793014287948608,28.65571403503418,0.5355374217033386,158.4321746826172,0.15185068547725677,623.4083862304688,0.34443381428718567,140.1620330810547
0.07364164658471395,1.0,0.3059687316417694,50.83212661743164,0.6451525092124939,85.56925201416016,28.363658905029297,0.0927499309182167,482.5799865722656,1.7467645406723022,0.8896223306655884,0.31561198830604553,142.34791564941406,167.4786376953125,0.07850699871778488,0.47724708914756775,0.7300000190734863,0.5976516604423523,0.7129859328269958,0.03999999910593033,1.8793014287948608,28.65571403503418,0.5355374217033386,158.4321746826172,0.15185068547725677,623.4083862304688,0.34443381428718567,140.1620330810547
0.45744476223703956,1.0,0.47244712710380554,76.81546020507812,0.4419572651386261,88.69251251220703,11.823848724365234,0.011893759481608868,481.8999938964844,0.8870487213134766,0.5715808868408203,0.473594069480896,56.26359558105469,38.183406829833984,0.0026527689769864082,0.07494315505027771,0.0,0.2834133803844452,0.12821871042251587,0.03999999910593033,1.3938759565353394,34.99394607543945,0.14410169422626495,89.19603729248047,0.003143470035865903,149.51060485839844,0.46209070086479187,44.77915573120117
0.4785336134900517,1.0,0.47244712710380554,76.81546020507812,0.4419572651386261,88.69251251220703,11.823848724365234,0.011893759481608868,481.8999938964844,0.8870487213134766,0.5715808868408203,0.473594069480896,56.26359558105469,38.183406829833984,0.0026527689769864082,0.07494315505027771,0.0,0.2834133803844452,0.12821871042251587,0.03999999910593033,1.3938759565353394,34.99394607543945,0.14410169422626495,89.19603729248047,0.003143470035865903,149.51060485839844,0.46209070086479187,44.77915573120117
0.28915008076809534,1.0,0.24117256700992584,86.67777252197266,0.4364091157913208,77.06260681152344,1.7031726837158203,0.07039237022399902,486.45001220703125,0.5028959512710571,0.5566575527191162,0.25978943705558777,11.456219673156738,140.03115844726562,0.049992673099040985,0.24930818378925323,0.7699999809265137,0.37876614928245544,0.4088839292526245,0.029999999329447746,0.586837112903595,7.779714584350586,0.3330162763595581,85.43614959716797,0.06848013401031494,638.7237548828125,0.22141344845294952,8.336141586303711
0.15170582047003314,1.0,0.24117256700992584,86.67777252197266,0.4364091157913208,77.06260681152344,1.7031726837158203,0.07039237022399902,486.45001220703125,0.5028959512710571,0.5566575527191162,0.25978943705558777,11.456219673156738,140.03115844726562,0.049992673099040985,0.24930818378925323,0.7699999809265137,0.37876614928245544,0.4088839292526245,0.029999999329447746,0.586837112903595,7.779714584350586,0.3330162763595581,85.43614959716797,0.06848013401031494,638.7237548828125,0.22141344845294952,8.336141586303711
0.4175487520232465,1.0,0.4260101616382599,72.83756256103516,0.5309062004089355,69.9339370727539,1.211448311805725,0.027044132351875305,487.739990234375,0.7103809714317322,0.5608223080635071,0.439126580953598,18.834625244140625,70.6125259399414,0.010926329530775547,0.2107854187488556,0.0,0.34411200881004333,0.3055651783943176,0.029999999329447746,0.9398642182350159,5.304476737976074,0.28968051075935364,73.55009460449219,0.03897521272301674,311.040283203125,0.4810931086540222,17.561994552612305
0.4012838770670993,1.0,0.4260101616382599,72.83756256103516,0.5309062004089355,69.9339370727539,1.211448311805725,0.027044132351875305,487.739990234375,0.7103809714317322,0.5608223080635071,0.439126580953598,18.834625244140625,70.6125259399414,0.010926329530775547,0.2107854187488556,0.0,0.34411200881004333,0.3055651783943176,0.029999999329447746,0.9398642182350159,5.304476737976074,0.28968051075935364,73.55009460449219,0.03897521272301674,311.040283203125,0.4810931086540222,17.561994552612305
0.2507016402231816,1.0,0.19168835878372192,87.35479736328125,0.44070982933044434,64.89037322998047,16.47644805908203,0.13850121200084686,490.7300109863281,0.5710721611976624,0.7845865488052368,0.20776018500328064,18.798749923706055,209.5125732421875,0.13241322338581085,0.4843040406703949,0.8299999833106995,0.5192004442214966,0.7077426910400391,0.019999999552965164,0.631374716758728,22.168190002441406,0.4141398072242737,63.17939758300781,0.18376176059246063,718.6436157226562,0.259744793176651,13.442378044128418
0.12696774574635206,1.0,0.19168835878372192,87.35479736328125,0.44070982933044434,64.89037322998047,16.47644805908203,0.13850121200084686,490.7300109863281,0.5710721611976624,0.7845865488052368,0.20776018500328064,18.798749923706055,209.5125732421875,0.13241322338581085,0.4843040406703949,0.8299999833106995,0.5192004442214966,0.7077426910400391,0.019999999552965164,0.631374716758728,22.168190002441406,0.4141398072242737,63.17939758300781,0.18376176059246063,718.6436157226562,0.259744793176651,13.442378044128418
0.5269395068800419,1.0,0.3850739896297455,74.73979949951172,0.5324006676673889,76.05936431884766,0.9277875423431396,0.05945059284567833,486.6300048828125,0.5089989304542542,0.37829992175102234,0.4247126579284668,7.866618633270264,90.45186614990234,0.024258745834231377,0.14065907895565033,0.0,0.31864604353904724,0.2062576413154602,0.029999999329447746,0.7660650014877319,7.260148525238037,0.33442750573158264,105.22634887695312,0.04998642951250076,396.1241455078125,0.23196366429328918,4.708005905151367
0.42219806865529036,1.0,0.3850739896297455,74.73979949951172,0.5324006676673889,76.05936431884766,0.9277875423431396,0.05945059284567833,486.6300048828125,0.5089989304542542,0.37829992175102234,0.4247126579284668,7.866618633270264,90.45186614990234,0.024258745834231377,0.14065907895565033,0.0,0.31864604353904724,0.2062576413154602,0.029999999329447746,0.7660650014877319,7.260148525238037,0.33442750573158264,105.22634887695312,0.04998642951250076,396.1241455078125,0.23196366429328918,4.708005905151367
0.29918927549627494,1.0,0.4172390401363373,78.45929718017578,1.2725369930267334,65.03005981445312,2.192894697189331,0.00906476378440857,490.7099914550781,4.664907455444336,0.21048425137996674,0.41840213537216187,34.07313537597656,64.23158264160156,0.007184096612036228,0.055464006960392,0.05000000074505806,0.05314204841852188,0.21683166921138763,0.019999999552965164,4.677667617797852,5.417797088623047,1.2676022052764893,90.93900299072266,0.030170027166604996,366.0098571777344,1.1982338428497314,33.455230712890625
0.14888970105246443,1.0,0.4172390401363373,78.45929718017578,1.2725369930267334,65.03005981445312,2.192894697189331,0.00906476378440857,490.7099914550781,4.664907455444336,0.21048425137996674,0.41840213537216187,34.07313537597656,64.23158264160156,0.007184096612036228,0.055464006960392,0.05000000074505806,0.05314204841852188,0.21683166921138763,0.019999999552965164,4.677667617797852,5.417797088623047,1.2676022052764893,90.93900299072266,0.030170027166604996,366.0098571777344,1.1982338428497314,33.455230712890625
0.3079824654217895,1.0,0.20658333599567413,77.92383575439453,0.33411088585853577,46.46592712402344,1.1163591146469116,0.0693284124135971,495.3299865722656,0.19409039616584778,0.7046759724617004,0.2232343852519989,9.654801368713379,93.04065704345703,0.03496486321091652,0.16651368141174316,0.9900000095367432,0.4116702675819397,0.23542936146259308,0.009999999776482582,0.5273726582527161,9.650618553161621,0.09942474961280823,77.12566375732422,0.044426143169403076,653.6249389648438,0.2280566692352295,6.444748401641846
0.09827591920896314,1.0,0.20658333599567413,77.92383575439453,0.33411088585853577,46.46592712402344,1.1163591146469116,0.0693284124135971,495.3299865722656,0.19409039616584778,0.7046759724617004,0.2232343852519989,9.654801368713379,93.04065704345703,0.03496486321091652,0.16651368141174316,0.9900000095367432,0.4116702675819397,0.23542936146259308,0.009999999776482582,0.5273726582527161,9.650618553161621,0.09942474961280823,77.12566375732422,0.044426143169403076,653.6249389648438,0.2280566692352295,6.444748401641846
0.29030469863937103,1.0,0.18725204467773438,68.96659088134766,0.5298283100128174,65.1718978881836,0.8762439489364624,0.10186924785375595,490.69000244140625,0.40713804960250854,1.234695553779602,0.2550666332244873,22.999794006347656,118.34446716308594,0.03794924169778824,0.14844515919685364,0.9700000286102295,0.3796522319316864,0.2302083671092987,0.019999999552965164,1.1823091506958008,13.501282691955566,0.2611289918422699,74.00386047363281,0.0423281230032444,682.219482421875,0.2240205705165863,16.857494354248047
0.18116239061154066,1.0,0.18725204467773438,68.96659088134766,0.5298283100128174,65.1718978881836,0.8762439489364624,0.10186924785375595,490.69000244140625,0.40713804960250854,1.234695553779602,0.2550666332244873,22.999794006347656,118.34446716308594,0.03794924169778824,0.14844515919685364,0.9700000286102295,0.3796522319316864,0.2302083671092987,0.019999999552965164,1.1823091506958008,13.501282691955566,0.2611289918422699,74.00386047363281,0.0423281230032444,682.219482421875,0.2240205705165863,16.857494354248047
0.49992456557642073,1.0,0.23822900652885437,68.71553802490234,0.5326019525527954,79.09722137451172,2.453571081161499,0.10068794339895248,486.0899963378906,1.0554896593093872,1.0476958751678467,0.3207870423793793,37.46782302856445,130.1278533935547,0.04610615596175194,0.14189180731773376,0.8399999737739563,0.41469839215278625,0.413970947265625,0.029999999329447746,2.1386795043945312,8.141468048095703,0.22114883363246918,74.95002746582031,0.05346214771270752,573.554443359375,0.3296966552734375,35.07537841796875
0.5290382292696498,1.0,0.23822900652885437,68.71553802490234,0.5326019525527954,79.09722137451172,2.453571081161499,0.10068794339895248,486.0899963378906,1.0554896593093872,1.0476958751678467,0.3207870423793793,37.46782302856445,130.1278533935547,0.04610615596175194,0.14189180731773376,0.8399999737739563,0.41469839215278625,0.413970947265625,0.029999999329447746,2.1386795043945312,8.141468048095703,0.22114883363246918,74.95002746582031,0.05346214771270752,573.554443359375,0.3296966552734375,35.07537841796875
0.5742153037895437,1.0,0.306866317987442,38.78881072998047,0.3536248505115509,124.9596176147461,6.263279438018799,0.03458086773753166,438.6700134277344,0.2026844471693039,0.1502959132194519,0.32065901160240173,15.43792724609375,233.91732788085938,0.03535020723938942,0.07437438517808914,0.03999999910593033,0.10806486010551453,0.10272876918315887,0.23999999463558197,0.3325099050998688,6.385656356811523,0.2037915587425232,41.1972770690918,0.005784856621176004,521.1878662109375,0.18988947570323944,15.264789581298828
0.3273739078881056,1.0,0.306866317987442,38.78881072998047,0.3536248505115509,124.9596176147461,6.263279438018799,0.03458086773753166,438.6700134277344,0.2026844471693039,0.1502959132194519,0.32065901160240173,15.43792724609375,233.91732788085938,0.03535020723938942,0.07437438517808914,0.03999999910593033,0.10806486010551453,0.10272876918315887,0.23999999463558197,0.3325099050998688,6.385656356811523,0.2037915587425232,41.1972770690918,0.005784856621176004,521.1878662109375,0.18988947570323944,15.264789581298828
0.23925036353425244,1.0,0.3531102240085602,57.08518600463867,0.5891502499580383,91.59680938720703,1.7961156368255615,0.06512598693370819,479.05999755859375,0.37077397108078003,0.5229808688163757,0.3696014881134033,9.911652565002441,111.73660278320312,0.03934329375624657,0.2079004943370819,0.0,0.292938232421875,0.2660645544528961,0.05000000074505806,0.7659133076667786,6.602909564971924,0.43705371022224426,56.085391998291016,0.015360185876488686,442.2524108886719,0.4522550404071808,4.617275714874268
0.3308598800451979,1.0,0.3302789032459259,55.952423095703125,0.4670371115207672,83.38209533691406,1.4109498262405396,0.05656135827302933,483.05999755859375,1.1686131954193115,0.25089317560195923,0.40429094433784485,61.5639533996582,102.7514419555664,0.04555997624993324,0.12955699861049652,0.0,0.23513923585414886,0.05249420553445816,0.03999999910593033,1.2378606796264648,1.4109498262405396,0.20584309101104736,87.58390045166016,0.03083682991564274,391.10601806640625,0.1612676978111267,61.5639533996582
0.0848232710328189,1.0,0.21745552122592926,58.5251579284668,0.2751871347427368,40.09795379638672,2.680616855621338,0.07824381440877914,495.9700012207031,0.2995196580886841,0.4920612573623657,0.24065008759498596,21.795854568481445,76.48567199707031,0.019270388409495354,0.18167293071746826,0.0,0.26729920506477356,0.22625695168972015,0.009999999776482582,0.5819813013076782,2.486178159713745,0.10374048352241516,78.53197479248047,0.00360591197386384,576.6236572265625,0.32379281520843506,20.70893669128418
0.38360623800483207,1.0,0.38584771752357483,102.97235107421875,0.49279364943504333,78.52074432373047,17.70084571838379,0.045848168432712555,484.510009765625,0.4647922217845917,0.6977925896644592,0.4131574332714081,38.843753814697266,94.71963500976562,0.02035066857933998,0.1501505970954895,0.0,0.2621573209762573,0.33444374799728394,0.03999999910593033,0.9851108193397522,31.321168899536133,0.1638789027929306,89.83533477783203,0.018347056582570076,370.2082824707031,0.28868645429611206,27.99625587463379
0.303572447347585,1.0,0.38584771752357483,102.97235107421875,0.49279364943504333,78.52074432373047,17.70084571838379,0.045848168432712555,484.510009765625,0.4647922217845917,0.6977925896644592,0.4131574332714081,38.843753814697266,94.71963500976562,0.02035066857933998,0.1501505970954895,0.0,0.2621573209762573,0.33444374799728394,0.03999999910593033,0.9851108193397522,31.321168899536133,0.1638789027929306,89.83533477783203,0.018347056582570076,370.2082824707031,0.28868645429611206,27.99625587463379
0.24357540106375947,1.0,0.25388050079345703,92.32771301269531,0.5611554384231567,46.86394119262695,1.9932655096054077,0.05267023295164108,495.2900085449219,0.9322969913482666,0.3811621367931366,0.2658514380455017,12.41457462310791,84.70340728759766,0.030095379799604416,0.1571347713470459,0.9100000262260437,0.26818278431892395,0.2854732573032379,0.009999999776482582,0.9940996766090393,8.565529823303223,0.497722864151001,102.86754608154297,0.022751467302441597,604.8566284179688,0.5310563445091248,9.48901081085205
0.16101468214493345,1.0,0.25388050079345703,92.32771301269531,0.5611554384231567,46.86394119262695,1.9932655096054077,0.05267023295164108,495.2900085449219,0.9322969913482666,0.3811621367931366,0.2658514380455017,12.41457462310791,84.70340728759766,0.030095379799604416,0.1571347713470459,0.9100000262260437,0.26818278431892395,0.2854732573032379,0.009999999776482582,0.9940996766090393,8.565529823303223,0.497722864151001,102.86754608154297,0.022751467302441597,604.8566284179688,0.5310563445091248,9.48901081085205
0.3441752941192587,1.0,0.31732484698295593,71.30746459960938,0.45498785376548767,57.783447265625,1.8213043212890625,0.03654707595705986,491.7900085449219,0.34217044711112976,0.6846064925193787,0.325210839509964,14.745171546936035,62.553504943847656,0.01327839121222496,0.16372337937355042,0.0,0.28768277168273926,0.25535356998443604,0.019999999552965164,0.8756515383720398,24.295726776123047,0.13857750594615936,69.96258544921875,0.0074691371992230415,368.2596435546875,0.5281141400337219,8.464395523071289
0.23222046347503233,1.0,0.31732484698295593,71.30746459960938,0.45498785376548767,57.783447265625,1.8213043212890625,0.03654707595705986,491.7900085449219,0.34217044711112976,0.6846064925193787,0.325210839509964,14.745171546936035,62.553504943847656,0.01327839121222496,0.16372337937355042,0.0,0.28768277168273926,0.25535356998443604,0.019999999552965164,0.8756515383720398,24.295726776123047,0.13857750594615936,69.96258544921875,0.0074691371992230415,368.2596435546875,0.5281141400337219,8.464395523071289
0.25895142133620774,1.0,0.19101572036743164,86.97981262207031,0.34506040811538696,46.06792068481445,3.2318036556243896,0.056414902210235596,495.3699951171875,0.28482604026794434,0.60102778673172,0.20987176895141602,13.289365768432617,90.11802673339844,0.01771995611488819,0.17741386592388153,0.9900000095367432,0.3938722312450409,0.2649146318435669,0.009999999776482582,0.5252265334129333,5.16077995300293,0.16216948628425598,73.76228332519531,0.0392812043428421,651.2529907226562,0.21021901071071625,11.938628196716309
0.17111720201197006,1.0,0.19101572036743164,86.97981262207031,0.34506040811538696,46.06792068481445,3.2318036556243896,0.056414902210235596,495.3699951171875,0.28482604026794434,0.60102778673172,0.20987176895141602,13.289365768432617,90.11802673339844,0.01771995611488819,0.17741386592388153,0.9900000095367432,0.3938722312450409,0.2649146318435669,0.009999999776482582,0.5252265334129333,5.16077995300293,0.16216948628425598,73.76228332519531,0.0392812043428421,651.2529907226562,0.21021901071071625,11.938628196716309
0.4384505583112385,1.0,0.44857078790664673,64.1578598022461,0.5089666247367859,105.24738311767578,0.9467317461967468,0.03767889738082886,473.45001220703125,0.3420504033565521,0.5986140370368958,0.48045721650123596,9.893325805664062,114.11321258544922,0.019245659932494164,0.1626850813627243,0.0,0.3685963451862335,0.27754607796669006,0.05999999865889549,0.664555549621582,8.072656631469727,0.21942006051540375,77.70576477050781,0.06520234793424606,380.7253112792969,0.2128368765115738,6.485689163208008
0.467664717513673,1.0,0.44857078790664673,64.1578598022461,0.5089666247367859,105.24738311767578,0.9467317461967468,0.03767889738082886,473.45001220703125,0.3420504033565521,0.5986140370368958,0.48045721650123596,9.893325805664062,114.11321258544922,0.019245659932494164,0.1626850813627243,0.0,0.3685963451862335,0.27754607796669006,0.05999999865889549,0.664555549621582,8.072656631469727,0.21942006051540375,77.70576477050781,0.06520234793424606,380.7253112792969,0.2128368765115738,6.485689163208008
0.26742738116371984,1.0,0.2951621115207672,58.77497863769531,0.43809494376182556,64.685546875,6.114800453186035,0.04323193430900574,490.760009765625,0.740394651889801,0.44039812684059143,0.35002005100250244,74.31263732910156,82.79449462890625,0.01764739863574505,0.09081029146909714,0.0,0.2649873197078705,0.17818938195705414,0.019999999552965164,1.0398682355880737,8.99210262298584,0.21989260613918304,109.86861419677734,0.006192609667778015,495.08233642578125,0.38882386684417725,64.17964172363281
0.21892465389215357,1.0,0.2951621115207672,58.77497863769531,0.43809494376182556,64.685546875,6.114800453186035,0.04323193430900574,490.760009765625,0.740394651889801,0.44039812684059143,0.35002005100250244,74.31263732910156,82.79449462890625,0.01764739863574505,0.09081029146909714,0.0,0.2649873197078705,0.17818938195705414,0.019999999552965164,1.0398682355880737,8.99210262298584,0.21989260613918304,109.86861419677734,0.006192609667778015,495.08233642578125,0.38882386684417725,64.17964172363281
0.4122665711754683,1.0,0.45828256011009216,67.917724609375,0.49599143862724304,126.73832702636719,2.356590747833252,0.015299182385206223,460.17999267578125,0.27379292249679565,0.29752933979034424,0.4802001714706421,17.550020217895508,92.39421081542969,0.004412589129060507,0.0683479756116867,0.0,0.1584261655807495,0.07787434756755829,0.09000000357627869,0.7025633454322815,10.46557331085205,0.20876023173332214,88.02361297607422,0.014730703085660934,269.2308349609375,0.3716452419757843,7.031701564788818
0.18757546891472995,1.0,0.13955025374889374,61.6003303527832,0.451183021068573,90.30716705322266,7.461692810058594,0.12443274259567261,470.0899963378906,0.8400445580482483,1.3641129732131958,0.1400100290775299,9.516592025756836,293.7853698730469,0.12436310201883316,0.5830269455909729,0.7699999809265137,0.5833184719085693,1.3641479015350342,0.12999999523162842,0.8422393798828125,8.942523002624512,0.44909754395484924,67.81990051269531,0.1626329869031906,690.8380737304688,0.5964239239692688,8.688240051269531
0.0755158458568905,1.0,0.13955025374889374,61.6003303527832,0.451183021068573,90.30716705322266,7.461692810058594,0.12443274259567261,470.0899963378906,0.8400445580482483,1.3641129732131958,0.1400100290775299,9.516592025756836,293.7853698730469,0.12436310201883316,0.5830269455909729,0.7699999809265137,0.5833184719085693,1.3641479015350342,0.12999999523162842,0.8422393798828125,8.942523002624512,0.44909754395484924,67.81990051269531,0.1626329869031906,690.8380737304688,0.5964239239692688,8.688240051269531
0.32527719451541975,1.0,0.19355277717113495,80.1095199584961,0.3616478145122528,89.26367950439453,0.9082295894622803,0.08618874847888947,481.7799987792969,0.27846160531044006,0.7299633622169495,0.22322978079319,9.046658515930176,154.86253356933594,0.05310472846031189,0.20000845193862915,0.949999988079071,0.39984309673309326,0.3152138292789459,0.03999999910593033,0.598405659198761,8.633865356445312,0.1798492670059204,62.17803955078125,0.06056525185704231,645.1506958007812,0.20147211849689484,6.202863693237305
0.19975502349141228,1.0,0.19355277717113495,80.1095199584961,0.3616478145122528,89.26367950439453,0.9082295894622803,0.08618874847888947,481.7799987792969,0.27846160531044006,0.7299633622169495,0.22322978079319,9.046658515930176,154.86253356933594,0.05310472846031189,0.20000845193862915,0.949999988079071,0.39984309673309326,0.3152138292789459,0.03999999910593033,0.598405659198761,8.633865356445312,0.1798492670059204,62.17803955078125,0.06056525185704231,645.1506958007812,0.20147211849689484,6.202863693237305
